{
	"firestore": {
		"rules": "firestore.rules",
		"indexes": "firestore.indexes.json"
	},
	"hosting": {
		"public": "public",
		"headers": [
			{
				"source": "**/*.@(eot|otf|ttf|ttc|woff|font.css)",
				"headers": [
					{
						"key": "Access-Control-Allow-Origin",
						"value": "*"
					}
				]
			},
			{
				"source": "**/*.@(js|css)",
				"headers": [
					{
						"key": "Cache-Control",
						"value": "max-age=604800"
					}
				]
			},
			{
				"source": "**/*.@(jpg|jpeg|gif|png|webp)",
				"headers": [
					{
						"key": "Cache-Control",
						"value": "max-age=604800"
					}
				]
			},
			{
				"source": "404.html",
				"headers": [
					{
						"key": "Cache-Control",
						"value": "max-age=300"
					}
				]
			}
		],
		"ignore": [
			"firebase.json",
			"**/.*",
			"**/node_modules/**"
		]
	}
}