{
	"apps": {
		"admin": {
			"dad": "root",
			"hash": "admin",
			"javascript": "admin.list=()=>{\n\t$(`#adminList`).innerHTML=`<p class='w3-center'><img src='load.gif' alt='loading' width='50'></p>`;\n\tread(`apps`,`credential.read;array-contains;${user.displayName}|dad;==;admin`,`hash`).then(data=>{\n\t\t$('#adminList').innerHTML='';\n\t\tfor(const id in data)$(`#adminList`).insertAdjacentHTML(`beforeend`,`<a href='#${data[id].hash}' class='w3-btn w3-deep-purple w3-large w3-round w3-margin-top' style='width:50%'>${data[id].name}</a><br>`);\n\t});\n}\nadmin.list();",
			"html": "<article class='w3-container' id='admin'>\n\t<fieldset class='w3-card w3-round w3-border-deep-purple'>\n\t\t<legend class='w3-container w3-large w3-text-deep-purple w3-padding'>WebpoW</legend>\n\t\t<nav class='w3-center' id='adminList'></nav>\n\t\t<br>\n\t</fieldset>\n</article>",
			"name": "Admin",
			"module": "none",
			"credential": {
				"menu": [
					"c5149be5c859c3eaf324d88f2e2133cb"
				],
				"read": [
					"c5149be5c859c3eaf324d88f2e2133cb"
				],
				"write": [
					"c5149be5c859c3eaf324d88f2e2133cb"
				]
			}
		},
		"apps": {
			"credential": {
				"menu": [],
				"read": [
					"c5149be5c859c3eaf324d88f2e2133cb"
				],
				"write": [
					"c5149be5c859c3eaf324d88f2e2133cb"
				]
			},
			"module": "none",
			"html": "<article class='w3-container' id='app'>\n\t<h3 class='w3-container'>\n\t\tApps <span class='w3-small' id='appFolder'></span>\n\t</h3>\n\t\n\t<!--List-->\n\t<table class='w3-table-all w3-hoverable w3-card'>\n\t\t<thead>\n\t\t\t<tr>\n\t\t\t\t<th>Name</th>\n\t\t\t\t<th class='w3-w'>Hash</th>\n\t\t\t\t<th class='w3-right'>\n\t\t\t\t\t<button class='w3-btn w3-deep-orange w3-right w3-tiny w3-round w3-e' id='appFilterBtn'>\n\t\t\t\t\t\t<span class='w3-w'>Filter</span>\n\t\t\t\t\t\t<span class='w3-y'>F</span>\n\t\t\t\t\t</button>\n\t\t\t\t\t<button class='w3-btn w3-green w3-right w3-tiny w3-round w3-e' id='appNewBtn'>\n\t\t\t\t\t\t<span class='w3-w'>New</span>\n\t\t\t\t\t\t<span class='w3-y'>N</span>\n\t\t\t\t\t</button>\n\t\t\t\t</th>\n\t\t\t</tr><tr>\n\t\t\t\t<td class='w3-padding-0' colspan='3'>\n\t\t\t\t\t<span class='w3-hide w3-center w3-animate-opacity' id='appFilter'>\n\t\t\t\t\t\t<input class='w3-input' id='appFilterName' placeholder='&#9655; Name &#9665;' type='text'>\n\t\t\t\t\t</span>\n\t\t\t\t</td>\n\t\t\t</tr>\n\t\t</thead>\n\t\t<tbody id='appList'>\n\t\t</tbody>\n\t</table>\n\t\n\t<!--Edit-->\n\t<div class='w3-modal w3-animate-opacity' id='appEdit'>\n\t\t<div class='w3-modal-content w3-round'>\n\t\t\t<div class='w3-container'>\n\t\t\t\t<button class='w3-btn w3-round w3-red w3-display-topright w3-tiny' id='appEditClose'>\n\t\t\t\t\t<b>&times;</b>\n\t\t\t\t</button>\n\t\t\t\t<form class='w3-container w3-padding-16' id='appEditData'>\n\t\t\t\t\t<fieldset class='w3-round w3-border-blue'>\n\t\t\t\t\t\t<legend class='w3-container w3-large w3-text-blue w3-padding'>Arquivo <span class='w3-small w3-text-green' id='appEditLabel'>#</span></legend>\n\t\t\t\t\t\t<label class='w3-text-blue'>Dad</label>\n\t\t\t\t\t\t<select class='w3-select' id='appEditDad' name='appEditDad' required></select>\n\t\t\t\t\t\t<span id='modules'>\n\t\t\t\t\t\t\t<label class='w3-text-blue'>Module</label>\n\t\t\t\t\t\t\t<select class='w3-select' id='appEditModule' name='appEditModule' required>\n\t\t\t\t\t\t\t\t<option value='none'>None\n\t\t\t\t\t\t\t\t<option value='header'>Header\n\t\t\t\t\t\t\t\t<option value='footer'>Footer\n\t\t\t\t\t\t\t</select>\n\t\t\t\t\t\t</span>\n\t\t\t\t\t\t<label class='w3-text-blue'>Name</label>\n\t\t\t\t\t\t<input class='w3-input' id='appEditName' name='appEditName' placeholder='nome' type='text' required>\n\t\t\t\t\t\t<label class='w3-text-blue'>HTML</label>\n\t\t\t\t\t\t<textarea class='w3-input w3-tiny' id='appEditHTML' name='appEditHTML' placeholder='HTML'></textarea>\n\t\t\t\t\t\t<label class='w3-text-blue'>Script</label>\n\t\t\t\t\t\t<textarea class='w3-input w3-tiny' id='appEditJavascript' name='appEditJavascript' placeholder='JavaScript'></textarea>\n\t\t\t\t\t\t<div style='height:5px'></div>\n\t\t\t\t\t\t<label class='w3-text-blue'>\n\t\t\t\t\t\t\tCredentials\n\t\t\t\t\t\t\t<button type='button' class='w3-btn w3-green w3-right w3-tiny w3-round w3-e' id='appCredentialNew'>\n\t\t\t\t\t\t\t\t<span class='w3-w'>New</span>\n\t\t\t\t\t\t\t\t<span class='w3-y'>N</span>\n\t\t\t\t\t\t\t</button>\n\t\t\t\t\t\t</label>\n\t\t\t\t\t\t<br>\n\t\t\t\t\t\t<div style='height:80px;overflow-y:scroll'>\n\t\t\t\t\t\t\t<table class='w3-table-all w3-hoverable'>\n\t\t\t\t\t\t\t\t<tbody id='appCredentialsList'>\n\t\t\t\t\t\t\t\t</tbody>\n\t\t\t\t\t\t\t</table>\n\t\t\t\t\t\t</div>\n\t\t\t\t\t\t<p class='w3-center w3-hide w3-show' id='appEditBtn'>\n\t\t\t\t\t\t\t<button type='button' class='w3-btn w3-red w3-round' id='appEditCancel'>Cancel</button>\n\t\t\t\t\t\t\t<button class='w3-btn w3-blue w3-round' id='appEditSave'>Save</button>\n\t\t\t\t\t\t</p>\n\t\t\t\t\t\t<p class='w3-center w3-hide' id='appEditLoad'>\n\t\t\t\t\t\t\t<img src='load.gif' alt='Load' width='50'>\n\t\t\t\t\t\t</p>\n\t\t\t\t\t</fieldset>\n\t\t\t\t</form>\n\t\t\t</div>\n\t\t</div>\n\t</div>\n\n\t<!--credentials-->\n\t<div class='w3-modal w3-animate-opacity' id='appCredentialEdit'>\n\t\t<div class='w3-modal-content w3-round'>\n\t\t\t<div class='w3-container'>\n\t\t\t\t<button class='w3-btn w3-round w3-red w3-display-topright w3-tiny' id='appCredentialEditClose'>\n\t\t\t\t\t<b>&times;</b>\n\t\t\t\t</button>\n\t\t\t\t<form class='w3-container w3-padding-16' id='appCredentialEditData'>\n\t\t\t\t\t<fieldset class='w3-round w3-border-blue'>\n\t\t\t\t\t\t<legend class='w3-container w3-large w3-text-blue w3-padding'>Credential <span class='w3-small w3-text-green' id='appCredentialEditName'></span></legend>\n\t\t\t\t\t\t<div id='appGroupFind'>\n\t\t\t\t\t\t\t<label class='w3-text-blue'>Group</label>\n\t\t\t\t\t\t\t<input type='text' class='w3-input' id='appCredentialEditGroupFilter' placeholder='Search group'>\n\t\t\t\t\t\t\t<span class='w3-hide w3-dropdown-content w3-bar-block w3-border' id='appGroupFilterList'></span>\n\t\t\t\t\t\t</div>\n\t\t\t\t\t\t<label class='w3-text-blue'>Read</label>\n\t\t\t\t\t\t<select class='w3-input' id='appCredentialEditRead' name='appCredentialEditRead'>\n\t\t\t\t\t\t\t<option value='0'>No\n\t\t\t\t\t\t\t<option value='1'>Yes\n\t\t\t\t\t\t</select>\n\t\t\t\t\t\t<label class='w3-text-blue'>Write</label>\n\t\t\t\t\t\t<select class='w3-input' id='appCredentialEditWrite' name='appCredentialEditWrite'>\n\t\t\t\t\t\t\t<option value='0'>No\n\t\t\t\t\t\t\t<option value='1'>Yes\n\t\t\t\t\t\t</select>\n\t\t\t\t\t\t<label class='w3-text-blue'>Menu</label>\n\t\t\t\t\t\t<select class='w3-input' id='appCredentialEditMenu' name='appCredentialEditMenu'>\n\t\t\t\t\t\t\t<option value='0'>No\n\t\t\t\t\t\t\t<option value='1'>Yes\n\t\t\t\t\t\t</select>\n\t\t\t\t\t\t<p class='w3-center w3-hide w3-show' id='appCredentialEditBtn'>\n\t\t\t\t\t\t\t<button id='appCredentialEditCancel' type='button' class='w3-btn w3-red w3-round'>Cancel</button>\n\t\t\t\t\t\t\t<button class='w3-btn w3-blue w3-round' id='appCredentialEditSave'>Save</button>\n\t\t\t\t\t\t</p>\n\t\t\t\t\t\t<p class='w3-center w3-hide' id='appCredentialEditLoad'>\n\t\t\t\t\t\t\t<img src='load.gif' alt='Load' width='50'>\n\t\t\t\t\t\t</p>\n\t\t\t\t\t</fieldset>\n\t\t\t\t</form>\n\t\t\t</div>\n\t\t</div>\n\t</div>\n\n</article>",
			"hash": "apps",
			"dad": "admin",
			"name": "Apps",
			"javascript": "app.Groups={};\napp.Apps={};\napp.App={};\napp.Dads=[];\napp.Dads['root']={\"id\":\"root\",\"name\":\"Root\"};\napp.Dad={\"id\":\"root\",\"name\":\"Root\"};\napp.Hash='';\n\napp.filterTime;\n$('#appFilterName').addEventListener('keyup',event=>{\n\tclearTimeout(app.filterTime);\n\tfilterTime=setTimeout(app.List,400,app.Dad);\n});\n$('#appFilterBtn').addEventListener('click',()=>flip('#appFilter'));\n\napp.list=dad=>{\n\tapp.Dad=dad;\n\tlocal=dad.id;\n\tfolder='';\n\twhile(local!=`root`){\n\t\tfolder=local+'/'+folder;\n\t\tlocal=app.Dads[local].id;\n\t}\n\t$('#appFolder').innerHTML='root/'+folder;\n\t$('#appList').innerHTML=\"<tr id='appLoad'><td colspan='3' class='w3-center'><img src='load.gif' alt='loading' width='50'></td></tr>\";\n\tlet filter=`credential.read;array-contains;${user.displayName}|dad;==;${dad.id}`;\n\tfilter+=$('#appFilterName').value!=''?`|hash;>=;${Hash($('#appFilterName').value)}`:'';\n\t//console.log(filter);\n\tread('apps',filter,'hash').then(data=>{\n\t\t$('#appList').innerHTML='';\n\t\tif(data.length>=0){\n\t\t\tapp.Apps=Object.assign(data);\n\t\t\tfor(const id in data){\n\t\t\t\tapp.Dads[id]={'id':data[id].dad,'name':dad.name};\n\t\t\t\t$('#appList').insertAdjacentHTML('beforeend',`<tr>\n\t\t\t\t\t<td class='w3-point' id='appFolder${id}'>${data[id].name}</td>\n\t\t\t\t\t<td class='w3-w'>${id}</td>\n\t\t\t\t\t<td class='w3-right'>\n\t\t\t\t\t\t<button class='w3-btn w3-tiny w3-round w3-blue w3-e' id='appEdit${id}'>\n\t\t\t\t\t\t\t<span class='w3-w'>Edit</span>\n\t\t\t\t\t\t\t<span class='w3-y'>E</span>\n\t\t\t\t\t\t</button>\n\t\t\t\t\t\t<button class='w3-btn w3-tiny w3-round w3-red w3-e' id='appDelete${id}'>\n\t\t\t\t\t\t\t<span class='w3-w'>Delete</span>\n\t\t\t\t\t\t\t<span class='w3-y'>D</span>\n\t\t\t\t\t\t</button>\n\t\t\t\t\t</td>\n\t\t\t\t</tr>`);\n\t\t\t\t$(\"#appFolder\"+id).addEventListener('click',()=>app.list({\"id\":id,\"name\":data[id].name}));\n\t\t\t\t$(\"#appEdit\"+id).addEventListener('click',()=>{\n\t\t\t\t\tapp.Hash=id;\n\t\t\t\t\tapp.App=Object.assign({},app.Apps[id]);\n\t\t\t\t\tapp.folder(id);\n\t\t\t\t\tapp.App.dad=='modules'?show('#modules'):hide('#modules');\n\t\t\t\t\t$('#appEditData').reset();\n\t\t\t\t\t$('#appCredentialsList').innerHTML='';\n\t\t\t\t\t$('#appEditLabel').innerHTML='#'+app.App.hash;\n\t\t\t\t\t$('#appEditDad').value=app.App.dad;\n\t\t\t\t\t$('#appEditModule').value=app.App.module;\n\t\t\t\t\t$('#appEditName').value=app.App.name;\n\t\t\t\t\t$('#appEditHTML').value=app.App.html;\n\t\t\t\t\t$('#appEditJavascript').value=app.App.javascript;\n\t\t\t\t\tapp.credentialLoad();\n\t\t\t\t\tshow('#appEdit');\n\t\t\t\t});\n\t\t\t\t$(\"#appDelete\"+id).addEventListener('click',()=>{\n\t\t\t\t\tif(confirm('Do you really want to delete the app?')){\n\t\t\t\t\t\terase('apps/'+id).then(()=>{\n\t\t\t\t\t\t\tapp.list(app.Dad);\n\t\t\t\t\t\t\tmodal('Success','App deleted successfully','green');\n\t\t\t\t\t\t});\n\t\t\t\t\t}\n\t\t\t\t});\n\t\t\t}\n\t\t\tif(dad.id!='root'){\n\t\t\t\t$('#appList').insertAdjacentHTML('afterbegin',\"<tr><td colspan='3' class='w3-point' id='appAbove'>Above</td></tr>\");\n\t\t\t\t$('#appAbove').addEventListener('click',()=>app.list(app.Dads[dad.id]));\n\t\t\t}\n\t\t}else{\n\t\t\t$('#appList').innerHTML=\"<tr id='appLoad'><td colspan='3' class='w3-center'>Empty</td></tr>\";\n\t\t}\n\t});\n}\napp.list({\"id\":\"root\",\"name\":\"Root\"});\n\n$('#appNewBtn').addEventListener('click',()=>{\n\tapp.Hash='';\n\tapp.folder('root');\t\n\t$('#appEditData').reset();\n\t$('#appEditLabel').innerHTML='';\n\t$('#appCredentialsList').innerHTML='';\n\tapp.App=Object.assign({\t\n\t\t\"credential\":{\"write\":[user.displayName],\"menu\":[user.displayName],\"read\":[user.displayName]},\n\t\t\"dad\":app.Dad.id,\n\t\t\"hash\":\"0\",\n\t\t\"module\":\"none\",\n\t\t\"html\":\"\",\n\t\t\"javascript\":\"\",\n\t\t\"name\":\"\"\n\t});\n\tapp.credentialLoad();\n\tshow('#appEdit');\n});\n\n$('#appEditName').addEventListener('blur',()=>{\n\tname=hash($('#appEditName').value);\n\tif(name!=''){\n\t\tread('apps/'+name).then(data=>{\n\t\t\tif(data&&name!=app.App.hash){\n\t\t\t\tmodal('Caution','The chosen name already exists','yellow');\n\t\t\t}else{\n\t\t\t\t$('#appEditLabel').innerHTML='#'+name;\n\t\t\t}\n\t\t});\n\t}\n});\n\napp.save=data=>{\n\tif(app.App.hash!='0'&&app.Apps[app.App.hash].hash!=hash(data.name))erase('apps/'+app.Apps[app.App.hash].hash);\n\tapp.App.dad=data.dad;\n\tapp.App.name=data.name;\n\tapp.App.hash=hash(data.name);\n\tapp.App.html=data.html;\n\tapp.App.javascript=data.javascript;\n\twrite('apps',app.App,app.App.hash).then(()=>{\n\t\tapp.App=Object.assign({});\n\t\t$('#appEditData').reset();\n\t\thide('#appEdit');\n\t\tapp.list(app.Dad);\n\t\tmodal('Success','Data saved successfully','green');\n\t});\n}\nform('appEdit',app.save);\n\napp.folder=()=>{\n\t$('#appEditDad').innerHTML='';\n\tif(app.Dad.id!='root')$('#appEditDad').innerHTML+=`<option value='${app.Dads[app.Dad.id].id}'>${app.Dads[app.Dad.id].name}`;\n\t$('#appEditDad').innerHTML+=`<option value='${app.Dad.id}' selected>${app.Dad.name}`;\n\tfor(id in app.Apps)if(app.Apps[id].dad==app.Dad.id&&id!=app.Hash)$('#appEditDad').innerHTML+=`<option value='${id}'>${app.Apps[id].name}`;\t\n}\n\n//Credentials\napp.credentialId='0';\napp.credentialLoad=()=>{\n\t$('#appCredentialsList').innerHTML=\"<figure class='w3-center'><img src='load.gif' width='25'></figure>\";\n\tread('groups','id;in;*'+app.credentialIndex(app.App.credential),'hash').then(data=>{\n\t\tapp.Groups=Object.assign(data);\n\t\t$('#appCredentialsList').innerHTML='';\n\t\tfor(const id in data){\n\t\t\t$('#appCredentialsList').insertAdjacentHTML('beforeend',`<tr id='appCredential${id}'>\n\t\t\t\t<td>${data[id].name}</td>\n\t\t\t\t<td class='w3-right'>\n\t\t\t\t\t<button type='button' class='w3-btn w3-tiny w3-round w3-blue w3-e' id='appCredentialEdit${id}'>\n\t\t\t\t\t\t<span class='w3-w'>Edit</span>\n\t\t\t\t\t\t<span class='w3-y'>E</span>\n\t\t\t\t\t</button>\n\t\t\t\t\t<button type='button' class='w3-btn w3-tiny w3-round w3-red w3-e' id='appCredentialDelete${id}'>\n\t\t\t\t\t\t<span class='w3-w'>Delete</span>\n\t\t\t\t\t\t<span class='w3-y'>D</span>\n\t\t\t\t\t</button>\n\t\t\t\t</td>\n\t\t\t</tr>`);\n\t\t\t$(\"#appCredentialEdit\"+id).addEventListener('click',event=>{\n\t\t\t\tapp.credentialId=id;\n\t\t\t\t$('#appCredentialEditName').innerHTML=app.Groups[id].name;\n\t\t\t\t$('#appCredentialEditRead').value=app.App.credential.read.includes(id)?'1':'0';\n\t\t\t\t$('#appCredentialEditWrite').value=app.App.credential.write.includes(id)?'1':'0';\n\t\t\t\t$('#appCredentialEditMenu').value=app.App.credential.menu.includes(id)?'1':'0';\n\t\t\t\tshow('#appCredentialEdit');\n\t\t\t});\n\t\t\t$(\"#appCredentialDelete\"+id).addEventListener('click',event=>{\n\t\t\t\tif(confirm('Do you really want to delete the data?')){\n\t\t\t\t\tfor(key of ['read','write','menu']){\n\t\t\t\t\t\tcredential=app.App.credential[key];\n\t\t\t\t\t\tif(credential.indexOf(id)>=0)credential.splice(credential.indexOf(id),1);\n\t\t\t\t\t}\n\t\t\t\t\t$('#appCredential'+id).remove();\n\t\t\t\t\tmodal('Success','Successfully removed','green');\n\t\t\t\t}\n\t\t\t});\n\t\t}\n\t});\t\n}\n\napp.credentialIndex=credential=>{\n\tgroupIndex=[].concat(credential.menu,credential.read,credential.write)\n\tgroupIndex=groupIndex.filter((item,pos)=>groupIndex.indexOf(item)===pos);\n\treturn groupIndex.join();\n}\n\n$('#appCredentialNew').addEventListener('click',()=>{\n\t$('#appCredentialEditName').innerHTML='';\n\t$('#appCredentialEditData').reset();\n\tshow('#appCredentialEdit');\t\n});\n\napp.credentialSave=data=>{\n\tif(app.credentialId!='0'){\n\t\tlet remove=0;\n\t\tfor(field in data){\n\t\t\tcredential=app.App.credential[field.replace('credentialEdit','').toLowerCase()];\n\t\t\tif(data[field]=='1'){\n\t\t\t\tremove+=1;\n\t\t\t\tif(!credential.includes(app.credentialId))credential.push(app.credentialId);\n\t\t\t}else{\n\t\t\t\tif(credential.indexOf(app.credentialId)>=0)credential.splice(credential.indexOf(app.credentialId),1);\n\t\t\t}\n\t\t}\n\t\tif(remove==0)$('#app.Credential'+app.credentialId).remove();\n\t\tapp.credentialLoad();\n\t}\n\thide('#appCredentialEdit');\n}\nform('appCredentialEdit',app.credentialSave);\n\n//group\napp.filterGroup;\n$('#appCredentialEditGroupFilter').addEventListener('keyup',event=>{\n\tclearTimeout(app.filterGroup);\n\tapp.filterGroup=setTimeout(app.groupList,400,hash(event.target.value));\n});\n\napp.groupList=word=>{\n\tif(word){\n\t\tlet groupList=$('#appGroupFilterList');\n\t\tshow('#appGroupFilterList');\n\t\tgroupList.innerHTML=\"<figure class='w3-center'><img src='load.gif' width='25'></figure>\";\n\t\tread('groups','hash;>=;'+word,'hash',5).then(data=>{\n\t\t\tgroupList.innerHTML='';\n\t\t\tif(data.valueOf()){\n\t\t\t\tapp.Groups=Object.assign(app.Groups,data);\n\t\t\t\tfor(const id in data){\n\t\t\t\t\t$('#appGroupFilterList').insertAdjacentHTML('beforeend',`<a id='addGroup${id}' class='w3-small w3-bar-item w3-btn'>${data[id].name}</a>`);\n\t\t\t\t\t$('#addGroup'+id).addEventListener('click',()=>{\n\t\t\t\t\t\tapp.credentialId=id;\n\t\t\t\t\t\t$('#appCredentialEditName').innerHTML=app.Groups[id].name;\n\t\t\t\t\t\t$('#appCredentialEditGroupFilter').value='';\n\t\t\t\t\t\thide('#appGroupFilterList');\n\t\t\t\t\t});\t\n\t\t\t\t}\n\t\t\t}\n\t\t});\n\t}else{\n\t\thide('#appGroupFilterList');\n\t}\n}"
		},
		"clone": {
			"html": "<article class='w3-container' id='clone'>\n\t<h3 class='w3-container'>Clone</h3>\t\n\t<section class='w3-container' id='cloneNew'>\n\t\t<form class='w3-container w3-card' id='cloneData'>\n\t\t\t<fieldset class='w3-round w3-border-deep-purple'>\n\t\t\t\t<legend class='w3-container w3-large w3-text-deep-purple w3-padding'>Informations</legend>\n\t\t\t\t<label class='w3-text-deep-purple'>E-mail</label>\n\t\t\t\t<input class='w3-input' id='cloneEmail' name='cloneEmail' placeholder='email' type='text' required>\n\t\t\t\t<label class='w3-text-deep-purple'>Password</label>\n\t\t\t\t<input class='w3-input' id='clonePassword' name='clonePassword' placeholder='password' type='text' required>\n\t\t\t\t<label class='w3-text-deep-purple'>Connection String</label>\n\t\t\t\t<textarea class='w3-input w3-tiny' id='cloneConnection' name='cloneConnection' rows='3' required></textarea>\n\t\t\t\t<legend class='w3-container w3-large w3-text-deep-purple w3-padding'>Layout</legend>\n\t\t\t\t<div class='w3-row'>\n\t\t\t\t\t<div class='w3-half w3-container w3-center'>\n\t\t\t\t\t\t<label class='w3-text-deep-purple'>Logo</label>\n\t\t\t\t\t\t<br>\n\t\t\t\t\t\t<input type='file' id='cloneLogoMain' class='w3-hide'>\n\t\t\t\t\t\t<label for='cloneLogoMain'>\n\t\t\t\t\t\t\t<canvas id='cloneLogoMainView' width='100%' height='60' class='w3-deep-purple'></canvas>\n\t\t\t\t\t\t</label>\n\t\t\t\t\t</div>\n\t\t\t\t\t<div class='w3-half w3-container w3-center'>\n\t\t\t\t\t\t<label class='w3-text-deep-purple'>background</label><br>\n\t\t\t\t\t\t<select id='cloneBarColor'>\n\t\t\t\t\t\t\t<option class='w3-red' value='w3-red'>Red\n\t\t\t\t\t\t\t<option class='w3-pink' value='w3-pink'>Pink\n\t\t\t\t\t\t\t<option class='w3-purple' value='w3-purple'>Purple\n\t\t\t\t\t\t\t<option class='w3-deep-purple' value='w3-deep-purple'>Deep Purple\n\t\t\t\t\t\t\t<option class='w3-indigo' value='w3-indigo'>Indigo\n\t\t\t\t\t\t\t<option class='w3-blue' value='w3-blue'>Blue\n\t\t\t\t\t\t\t<option class='w3-light-blue' value='w3-light-blue'>Light Blue\n\t\t\t\t\t\t\t<option class='w3-cyan' value='w3-cyan'>Cyan\n\t\t\t\t\t\t\t<option class='w3-aqua' value='w3-aqua'>Aqua\n\t\t\t\t\t\t\t<option class='w3-teal' value='w3-teal'>Teal\n\t\t\t\t\t\t\t<option class='w3-green' value='w3-green'>Green\n\t\t\t\t\t\t\t<option class='w3-light-green' value='w3-light-green'>Light Green\n\t\t\t\t\t\t\t<option class='w3-lime' value='w3-lime'>Lime\n\t\t\t\t\t\t\t<option class='w3-sand' value='w3-sand'>Sand\n\t\t\t\t\t\t\t<option class='w3-khaki' value='w3-khaki'>Khaki\n\t\t\t\t\t\t\t<option class='w3-yellow' value='w3-yellow'>Yellow\n\t\t\t\t\t\t\t<option class='w3-amber' value='w3-amber'>Amber\n\t\t\t\t\t\t\t<option class='w3-orange' value='w3-orange'>Orange\n\t\t\t\t\t\t\t<option class='w3-deep-orange' value='w3-deep-orange'>Deep Orange\n\t\t\t\t\t\t\t<option class='w3-blue-gray' value='w3-blue-gray'>Blue Gray\n\t\t\t\t\t\t\t<option class='w3-brown' value='w3-brown'>Brown\n\t\t\t\t\t\t\t<option class='w3-light-gray' value='w3-light-gray'>Light Gray\n\t\t\t\t\t\t\t<option class='w3-gray' value='w3-gray'>Gray\n\t\t\t\t\t\t\t<option class='w3-dark-gray' value='w3-dark-gray'>Dark Gray\n\t\t\t\t\t\t\t<option class='w3-pale-red' value='w3-pale-red'>Pale Red\n\t\t\t\t\t\t\t<option class='w3-pale-yellow' value='w3-pale-yellow'>Pale Yellow\n\t\t\t\t\t\t\t<option class='w3-pale-green' value='w3-pale-green'>Pale Green\n\t\t\t\t\t\t\t<option class='w3-pale-blue' value='w3-pale-blue'>Pale-Blue\n\t\t\t\t\t\t</select>\n\t\t\t\t\t</div>\n\t\t\t\t</div>\n\t\t\t\t<label class='w3-text-deep-purple'>Manifest Logo</label><br>\n\t\t\t\t<input type='file' id='cloneLogo' class='w3-hide'>\n\t\t\t\t<label for='cloneLogo'>\n\t\t\t\t\t<p align='center'>\n\t\t\t\t\t\t<canvas id='cloneLogoView' width='200' height='200' style='border:1px solid #000000'></canvas>\n\t\t\t\t\t\t<canvas id='cloneLogoMasc' width='200' height='200'></canvas>\n\t\t\t\t\t</p>\n\t\t\t\t</label>\n\t\t\t\t<p class='w3-center w3-hide w3-show' id='cloneBtn'>\t\t\t\t\n\t\t\t\t\t<button class='w3-btn w3-deep-purple w3-round' id='cloneBtnExportJson' type='button'>Export JSON</button>\n\t\t\t\t\t<button class='w3-btn w3-deep-purple w3-round' id='cloneStart' type='button'>Clone</button>\n\t\t\t\t</p>\n\t\t\t\t<p class='w3-center w3-hide' id='cloneLoad'>\n\t\t\t\t\t<img src='load.gif' width='50'>\n\t\t\t\t</p>\n\t\t\t</fieldset>\n\t\t\t<br>\n\t\t</form>\n\t</section>\n\t\n\t<section class='w3-container w3-hide' id='cloneDownload'>\n\t\t<form class='w3-container w3-card' id='cloneEnd'>\n\t\t\t<fieldset class='w3-round w3-border-deep-purple'>\n\t\t\t\t<legend class='w3-container w3-large w3-text-deep-purple w3-padding'>Downloads</legend>\t\t\t\t\n\t\t\t\t<p class='w3-center'>\n\t\t\t\t\tClick on the buttons and save the files on your computer, they will be used in the project's deployment.<br><br>\n\t\t\t\t\t<button class='w3-btn w3-deep-purple w3-round' id='cloneBtnDownload' type='button'>Download</button>\n\t\t\t\t</p>\n\t\t\t</fieldset>\n\t\t\t<br>\n\t\t</form>\n\t<section>\n\t\t\n</article>",
			"name": "Clone",
			"javascript": "clone.name = 'WebpoW';\nclone.zip = new Array();\nclone.file = new Array();\nclone.dec2bin=(dec,size)=>dec.toString(2).padStart(size,'0');\nclone.dec2str=dec=>new TextDecoder().decode(new Uint8Array(dec));\nclone.str2dec=str=>Array.from(new TextEncoder().encode(str));\nclone.str2hex=str=>[...new TextEncoder().encode(str)].map(x=>x.toString(16).padStart(2,'0'));\nclone.hex2buf=hex=>new Uint8Array(hex.split(' ').map(x=>parseInt(x,16)));\nclone.bin2dec=bin=>bin.map(x=>parseInt(x,2));\nclone.bin2hex=bin=>(parseInt(bin.slice(8),2).toString(16).padStart(2,'0')+' '+parseInt(bin.slice(0,8),2).toString(16).padStart(2,'0'));\nclone.reverse=hex=>{\n\tlet hexArray=new Array();\n\tfor(let i=0;i<hex.length;i=i+2)hexArray[i]=hex[i]+''+hex[i+1];\n\treturn hexArray.filter((a)=>a).reverse().join(' ');\t\n}\n\nclone.crc32=r=>{\n\tfor(var a,o=[],c=0;c<256;c++){\n\t\ta=c;\n\t\tfor(var f=0;f<8;f++)a=1&a?3988292384^a>>>1:a>>>1;\n\t\to[c]=a;\n\t}\n\tfor(var n=-1,t=0;t<r.length;t++)n=n>>>8^o[255&(n^r[t])];\n\treturn clone.reverse(((-1^n)>>>0).toString(16).padStart(8,'0'));\n}\n\nclone.fecth2zip=(filesArray,folder='')=>{\n\tfilesArray.forEach(fileUrl=>{\n\t\tlet resp;\n\t\tfetch(fileUrl).then(response=>{\n\t\t\tresp=response;\n\t\t\treturn response.arrayBuffer();\n\t\t}).then(blob=>{\n\t\t\tnew Response(blob).arrayBuffer().then(buffer=>{\n\t\t\t\tlet uint=[...new Uint8Array(buffer)];\n\t\t\t\tuint.modTime=resp.headers.get('Last-Modified');\n\t\t\t\tuint.fileUrl=`${folder}${fileUrl}`;\n\t\t\t\tclone.zip[fileUrl]=uint;\n\t\t\t});\n\t\t});\n\t});\n}\n\nclone.str2zip=(name,str,folder='')=>{\n\tlet uint=[...new Uint8Array(clone.str2dec(str))];\n\tuint.modTime=new Date();\n\tuint.fileUrl=`${folder}${name}`;\n\tclone.zip[name]=uint;\n}\n\nclone.makeZip=()=>{\n\tlet count=0;\n\tlet fileHeader='';\n\tlet centralDirectoryFileHeader='';\n\tlet directoryInit=0;\n\tlet offSetLocalHeader='00 00 00 00';\n\tlet zip=clone.zip;\n\tfor(const name in zip){\n\t\tlet modTime=()=>{\n\t\t\tlastMod=new Date(zip[name].modTime);\n\t\t\thour=clone.dec2bin(lastMod.getHours(),5);\n\t\t\tminutes=clone.dec2bin(lastMod.getMinutes(),6);\n\t\t\tseconds=clone.dec2bin(Math.round(lastMod.getSeconds()/2),5);\n\t\t\tyear=clone.dec2bin(lastMod.getFullYear()-1980,7);\n\t\t\tmonth=clone.dec2bin(lastMod.getMonth()+1,4);\n\t\t\tday=clone.dec2bin(lastMod.getDate(),5);\n\t\t\treturn clone.bin2hex(`${hour}${minutes}${seconds}`)+' '+clone.bin2hex(`${year}${month}${day}`);\n\t\t}\n\t\tlet crc=clone.crc32(zip[name]);\n\t\tlet size=clone.reverse(parseInt(zip[name].length).toString(16).padStart(8,'0'));\n\t\tlet nameFile=clone.str2hex(zip[name].fileUrl).join(' ');\n\t\tlet nameSize=clone.reverse(zip[name].fileUrl.length.toString(16).padStart(4,'0'));\n\t\tlet fileHeader=`50 4B 03 04 14 00 00 00 00 00 ${modTime} ${crc} ${size} ${size} ${nameSize} 00 00 ${nameFile}`;\n\t\tlet fileHeaderBuffer=clone.hex2buf(fileHeader);\n\t\tdirectoryInit=directoryInit+fileHeaderBuffer.length+zip[name].length;\n\t\tcentralDirectoryFileHeader=`${centralDirectoryFileHeader}50 4B 01 02 14 00 14 00 00 00 00 00 ${modTime} ${crc} ${size} ${size} ${nameSize} 00 00 00 00 00 00 01 00 20 00 00 00 ${offSetLocalHeader} ${nameFile} `;\n\t\toffSetLocalHeader=clone.reverse(directoryInit.toString(16).padStart(8,'0'));\n\t\tclone.file.push(fileHeaderBuffer,new Uint8Array(zip[name]));\n\t\tcount++;\n\t}\n\tcentralDirectoryFileHeader=centralDirectoryFileHeader.trim();\n\tlet entries=clone.reverse(count.toString(16).padStart(4,'0'));\n\tlet dirSize=clone.reverse(centralDirectoryFileHeader.split(' ').length.toString(16).padStart(8,'0'));\n\tlet dirInit=clone.reverse(directoryInit.toString(16).padStart(8,'0'));\n\tlet centralDirectory=`50 4b 05 06 00 00 00 00 ${entries} ${entries} ${dirSize} ${dirInit} 00 00`;\n\tclone.file.push(clone.hex2buf(centralDirectoryFileHeader),clone.hex2buf(centralDirectory));\n\tlet a = document.createElement('a');\n\ta.href = URL.createObjectURL(new Blob([...clone.file],{type:'application/octet-stream'}));\n\ta.download = `${clone.name}.zip`;\n\ta.click();\n}\n\nclone.firebase={\"firestore\":{\"rules\":\"firestore.rules\",\"indexes\":\"firestore.indexes.json\"},\"hosting\":{\"public\":\"public\",\"headers\":[{\"source\":\"**/*.@(eot|otf|ttf|ttc|woff|font.css)\",\"headers\":[{\"key\":\"Access-Control-Allow-Origin\",\"value\":\"*\"}]},{\"source\":\"**/*.@(js|css)\",\"headers\":[{\"key\":\"Cache-Control\",\"value\":\"max-age=604800\"}]},{\"source\":\"**/*.@(jpg|jpeg|gif|png|webp)\",\"headers\":[{\"key\":\"Cache-Control\",\"value\":\"max-age=604800\"}]},{\"source\":\"404.html\",\"headers\":[{\"key\":\"Cache-Control\",\"value\":\"max-age=300\"}]}],\"ignore\":[\"firebase.json\",\"**/.*\",\"**/node_modules/**\"]}};\n\nclone.indexes={\"indexes\":[{\"collectionGroup\":\"apps\",\"queryScope\":\"COLLECTION\",\"fields\":[{\"fieldPath\":\"credential.menu\",\"arrayConfig\":\"CONTAINS\"},{\"fieldPath\":\"hash\",\"order\":\"ASCENDING\"}]},{\"collectionGroup\":\"apps\",\"queryScope\":\"COLLECTION\",\"fields\":[{\"fieldPath\":\"credential.read\",\"arrayConfig\":\"CONTAINS\"},{\"fieldPath\":\"dad\",\"order\":\"ASCENDING\"},{\"fieldPath\":\"hash\",\"order\":\"ASCENDING\"}]},{\"collectionGroup\":\"groups\",\"queryScope\":\"COLLECTION\",\"fields\":[{\"fieldPath\":\"boss\",\"order\":\"ASCENDING\"},{\"fieldPath\":\"hash\",\"order\":\"ASCENDING\"}]},{\"collectionGroup\":\"groups\",\"queryScope\":\"COLLECTION\",\"fields\":[{\"fieldPath\":\"id\",\"order\":\"ASCENDING\"},{\"fieldPath\":\"hash\",\"order\":\"ASCENDING\"}]},{\"collectionGroup\":\"users\",\"queryScope\":\"COLLECTION\",\"fields\":[{\"fieldPath\":\"deleted\",\"order\":\"ASCENDING\"},{\"fieldPath\":\"hash\",\"order\":\"ASCENDING\"}]},{\"collectionGroup\":\"users\",\"queryScope\":\"COLLECTION\",\"fields\":[{\"fieldPath\":\"group\",\"order\":\"ASCENDING\"},{\"fieldPath\":\"hash\",\"order\":\"ASCENDING\"}]}],\"fieldOverrides\":[]};\n\nclone.rules=`rules_version='2';\\r\\n\\tservice cloud.firestore {\\r\\n\\tmatch /databases/{database}/documents {\\r\\n\\t\\tmatch /apps/{docId} {\\r\\n\\t\\t\\tallow list: if '<!--common-->' in resource.data.credential.read || '<!--common-->' in resource.data.credential.menu || request.auth.token.name == '<!--super-user-->' || request.auth.token.name in resource.data.credential.menu;\\r\\n\\t\\t\\tallow get,read: if '<!--common-->' in resource.data.credential.read || request.auth.token.name in resource.data.credential.read || request.auth.token.name == '<!--super-user-->';\\r\\n\\t\\t\\tallow write: if request.auth.token.name in resource.data.credential.write || request.auth.token.name == '<!--super-user-->' || '<!--common-->' in resource.data.credential.write;\\r\\n\\t\\t}\\r\\n\\t\\tmatch /users/{userId} {\\r\\n\\t\\t\\tallow create,get,update,delete: if request.auth.uid == userId;\\r\\n\\t\\t\\tallow read,write: if request.auth.token.name == '<!--super-user-->';\\r\\n\\t\\t}\\r\\n\\t\\t\\tmatch /groups/{grupoId} {\\r\\n\\t\\t\\tallow read,write: if request.auth.token.name == '<!--super-user-->';\\r\\n\\t\\t}\\r\\n\\t}\\r\\n}`;\n\nclone.firebaserc=`{\\r\\n\\t\"projects\":{\\r\\n\\t\\t\"default\":\"<!--projectId-->\"\\r\\n\\t}\\r\\n}`;\n\nclone.apps={};\nclone.groups={};\nclone.users={};\nclone.connect='';\n\n\n//clone color\nclone.cor=new Array();\nclone.cor['w3-red']='f44336';\nclone.cor['w3-pink']='e91e63';\nclone.cor['w3-purple']='9c27b0';\nclone.cor['w3-deep-purple']='673ab7';\nclone.cor['w3-indigo']='3f51b5';\nclone.cor['w3-blue']='2196F3';\nclone.cor['w3-light-blue']='87ceeb';\nclone.cor['w3-cyan']='00bcd4';\nclone.cor['w3-aqua']='00ffff';\nclone.cor['w3-teal']='009688';\nclone.cor['w3-green']='4caf50';\nclone.cor['w3-light-green']='8bc34a';\nclone.cor['w3-lime']='cddc39';\nclone.cor['w3-sand']='fdf5e6';\nclone.cor['w3-khaki']='f0e68c';\nclone.cor['w3-yellow']='ffeb3b';\nclone.cor['w3-amber']='ffc107';\nclone.cor['w3-orange']='ff9800';\nclone.cor['w3-deep-orange']='ff5722';\nclone.cor['w3-blue-gray']='607d8b'; \nclone.cor['w3-brown']='795548';\nclone.cor['w3-light-gray']='f1f1f1';\nclone.cor['w3-gray']='9e9e9e';\nclone.cor['w3-dark-gray']='616161';\nclone.cor['w3-pale-red']='ffdddd';\nclone.cor['w3-pale-yellow']='ffffcc';\nclone.cor['w3-pale-green']='ddffdd';\nclone.cor['w3-pale-blue']='ddffff'; \n\ncloneBtnExportJson.addEventListener(`click`,()=>{\n\tFirestore.collection('apps').get().then(apps=>{\n\t\tapps.forEach(obj=>clone.apps[obj.id]=obj.data());\n\t\tFirestore.collection('users').get().then(users=>{\n\t\t\tusers.forEach(obj=>clone.users[obj.id]=obj.data());\n\t\t\tFirestore.collection('groups').get().then(groups=>{\n\t\t\t\tgroups.forEach(obj=>{\n\t\t\t\t\tclone.groups[obj.id]=obj.data();\n\t\t\t\t\tgroupReg=new RegExp(`<!--${clone.groups[obj.id].hash}-->`,'g');\n\t\t\t\t\tclone.rules=clone.rules.replace(groupReg,obj.id);\n\t\t\t\t});\n\t\t\t\tclone.firebaserc=clone.firebaserc.replace('<!--projectId-->',firebaseConfig.projectId);\n\t\t\t\tclone.connect=`common='${common}';\\nfirebaseConfig=${JSON.stringify(firebaseConfig,null,\"\\t\")}`;\n\t\t\t\tclone.download();\n\t\t\t});\n\t\t});\n\t});\n});\n\nclone.download=()=>{\n\tclone.str2zip('server.bat','firebase serve --only hosting');\n\tclone.str2zip('deploy.bat','firebase deploy');\n\tclone.str2zip('firestore.rules',clone.rules);\n\tclone.str2zip('firebase.json',JSON.stringify(clone.firebase,null,\"\\t\"));\n\tclone.str2zip('firestore.indexes.json',JSON.stringify(clone.indexes,null,\"\\t\"));\n\tclone.str2zip('firestore.database.json',JSON.stringify({apps:clone.apps,groups:clone.groups,users:clone.users},null,\"\\t\").replace(clone.corLitI,clone.corLitN).replace(clone.corHexI,clone.corHexN).replace(clone.corTexI,clone.corTexN).replace(clone.corBorI,clone.corBorN));\n\tclone.str2zip('.firebaserc',clone.firebaserc);\n\tclone.str2zip('connect.js',clone.connect,'public/');\n\tclone.str2zip('404.html','Error 404!<br>Not to see here','public/');\n\t$('#cloneBtnDownload').addEventListener('click',()=>clone.makeZip());\n\thide('#cloneNew');\n\tshow('#cloneDownload');\n}\n\ncloneStart.addEventListener('click',()=>{\n\tif(!$('#cloneData').checkValidity())return false;\n\thide('#cloneBtn');\n\tshow('#cloneLoad');\n\tlet connect=$('#cloneConnection').value;\n\tconnect=JSON.parse(connect.slice(connect.indexOf('{'),connect.indexOf('}')).trim().replace(/\\n/g,'\"').replace(/\\s/g,'').replace(/:\"/g,'\":\"')+'}');\n\tclone.name=connect.projectId;\n\tcaches.keys().then(x=>{\n\t\tconst newSw=clone.dec2str(clone.zip['sw.js']).replace(x[0],`${connect.projectId.toUpperCase}_01-00-00`);\n\t\tdelete clone.zip['sw.js'];\n\t\tclone.str2zip('sw.js',newSw,'public/');\n\t})\n\tlet manifest=JSON.parse(clone.dec2str(clone.zip['manifest.json']));\t\n\tlet html=clone.dec2str(clone.zip['index.html']).replace(manifest.short_name,connect.projectId);\n\tdelete clone.zip['index.html'];\n\tclone.str2zip('index.html',html,'public/');\t\n\tmanifest.short_name=connect.projectId;\n\tmanifest.name=connect.projectId;\n\tmanifest.description=`${connect.projectId}, Created by WebPoW`;\n\tdelete clone.zip['manifest.json'];\n\tclone.str2zip('manifest.json',JSON.stringify(manifest,null,\"\\t\"),'public/');\n\tclone.firebaserc=clone.firebaserc.replace('<!--projectId-->',connect.projectId);\n\tconst destin=firebase.initializeApp(connect,\"secondary\"+key());\n\tconst destinAuth=destin.auth();\n\tconst destinFirestore=destin.firestore();\n\tdestinAuth.createUserWithEmailAndPassword($('#cloneEmail').value,$('#clonePassword').value).then(cu=>{\n\t\tvar desUser=destinAuth.currentUser;\n\t\tlet groupOld={};\n\t\tlet groupNew={};\n\t\tlet groupHash={};\n\t\tread('groups').then(groups=>{\n\t\t\tfor(const group in groups){\t\t\t\n\t\t\t\thashId=groups[group].hash;\n\t\t\t\tgroupOld[hashId]=new RegExp(groups[group].id,'g');\n\t\t\t\tgroupNew[hashId]=key();\n\t\t\t\tgroups[group].id=groupNew[hashId];\t\t\t\n\t\t\t\tgroupReg=new RegExp(`<!--${hashId}-->`,'g');\n\t\t\t\tclone.rules=clone.rules.replace(groupReg,groupNew[hashId]);\n\t\t\t\tclone.groups[hashId]=groups[group];\n\t\t\t\tdestinFirestore.doc('groups/'+groupNew[hashId]).set(groups[group]);\n\t\t\t}\n\t\t\tFirestore.collection('apps').get().then(apps=>{\n\t\t\t\tvar appsOld={};\n\t\t\t\tapps.forEach(obj=>appsOld[obj.id]=obj.data());\n\t\t\t\tlet appsJson=JSON.stringify(appsOld);\n\t\t\t\tfor(const group in groupOld)appsJson=appsJson.replace(groupOld[group],groupNew[group]).replace(clone.corLitI,clone.corLitN).replace(clone.corHexI,clone.corHexN).replace(clone.corTexI,clone.corTexN).replace(clone.corBorI,clone.corBorN);\n\t\t\t\tclone.apps=JSON.parse(appsJson);\n\t\t\t\tfor(const name in clone.apps)destinFirestore.doc('apps/'+name).set(clone.apps[name]);\n\t\t\t\tclone.users=Object.assign({\n\t\t\t\t\t\"id\":desUser.uid,\n\t\t\t\t\t\"created\":new Date(),\n\t\t\t\t\t\"edited\":new Date(),\n\t\t\t\t\t\"deleted\":\"0\",\n\t\t\t\t\t\"hash\":\"super-user\",\n\t\t\t\t\t\"group\":groupNew['super-user'],\n\t\t\t\t\t\"name\":\"Super User\",\n\t\t\t\t\t\"email\":$('#cloneEmail').value,\n\t\t\t\t\t\"password\":$('#clonePassword').value\n\t\t\t\t});\n\t\t\t\tdestinFirestore.doc('users/'+desUser.uid).set(clone.users).then(()=>desUser.updateProfile({displayName:groupNew['super-user'],photoURL:'super-user'}).then(()=>{\n\t\t\t\t\tshow('#cloneBtn');\t\t\t\t\t\n\t\t\t\t\thide('#cloneLoad');\n\t\t\t\t\tclone.connect=`common='${groupNew[\"common\"]}';\\n${$('#cloneConnection').value.trim()}`;\n\t\t\t\t\tclone.download();\n\t\t\t\t\tmodal('Success','Clone has successfully created','green');\n\t\t\t\t}));\n\t\t\t});\n\t\t});\n\t});\n});\n\nclone.canvas2bin=(i,n,x,y)=>{\n\tlet c=document.createElement('canvas');\n\tc.width=x;\n\tc.height=y;\n\tcx=c.getContext('2d');\n\tcx.clearRect(0,0,c.width,c.height);\n\tlet w=(i.width>i.height?c.width:c.width*i.width/i.height)*(x==256&&y==256?0.66:1);\n\tlet h=(i.width>i.height?c.width*i.height/i.width:c.height)*(y==256&&y==256?0.66:1);\t\t\t\n\tcx.drawImage(i,(c.width-w)/2,(c.height-h)/2,w,h);\n\tvar byteString = atob(c.toDataURL().split(',')[1]);\n\tlet ia=new Array();\n\tfor (var i = 0; i < byteString.length; i++)ia[i] = byteString.charCodeAt(i);\n\tlet uint=[...new Uint8Array(ia)];\n\tuint.name=n;\n\tuint.modTime=new Date();\n\tuint.fileUrl=`public/${n}`;\n\tdelete clone.zip[n];\n\tclone.zip[n]=uint;\n}\n\nclone.makeCanvasLogo=i=>{\n\tc=$('#cloneLogoView');\n\tm=$('#cloneLogoMasc');\n\tcx=c.getContext('2d');\n\tmx=m.getContext('2d');\n\tcx.clearRect(0,0,c.width,c.height);\n\tmx.clearRect(0,0,m.width,m.height);\n\tw=i.width>i.height?c.width:c.width*i.width/i.height;\n\th=i.width>i.height?c.width*i.height/i.width:c.height;\n\tcx.drawImage(i,(c.width-w)/2,(c.height-h)/2,w,h);\n\tw=w*0.66;\n\th=h*0.66;\n\tmx.drawImage(i,(c.width-w)/2,(c.height-h)/2,w,h);\n\tmx.beginPath();\n\tmx.arc(m.width/2,m.height/2,m.width*0.4,0,2*Math.PI);\n\tmx.stroke();\n}\n\ncloneLogo.addEventListener('change',e=>{\t\n\t\tlet fr=new FileReader();\n\t\tfr.onload=fr=>{\t\t\t\t\n\t\t\tlet img=new Image();\n\t\t\timg.src=fr.srcElement.result;\n\t\t\timg.onload=()=>{\n\t\t\t\tclone.makeCanvasLogo(img);\n\t\t\t\tclone.canvas2bin(img,'logo512.png',512,512);\n\t\t\t\tclone.canvas2bin(img,'logo256.png',256,256);\n\t\t\t\tclone.canvas2bin(img,'logo180.png',180,180);\n\t\t\t};\n\t\t};\n\t\tfr.readAsDataURL(e.target.files[0]);\n\t}\n);\n\n(clone.logoPop=()=>{\n\tlet img=new Image();\n\timg.src='logo512.png';\n\timg.onload=()=>clone.makeCanvasLogo(img);\n})();\n\n\nclone.makeCanvasMain=i=>{\n\tc=$('#cloneLogoMainView');\n\tcx=c.getContext('2d');\n\tcx.clearRect(0,0,c.width,c.height);\n\th=c.height-2;\t\n\tw=i.width*h/i.height-2;\n\tc.width=w+2;\n\tcx.drawImage(i,1,(c.height-h)/2,w,h);\n}\n\ncloneLogoMain.addEventListener('change',e=>{\t\n\t\tlet fr=new FileReader();\n\t\tfr.onload=fr=>{\t\t\t\t\n\t\t\tlet img=new Image();\n\t\t\timg.src=fr.srcElement.result;\n\t\t\timg.onload=()=>{\n\t\t\t\tclone.makeCanvasMain(img);\n\t\t\t\tclone.canvas2bin(img,'logo.webp',img.width*3,img.height*3);\n\t\t\t};\n\t\t};\n\t\tfr.readAsDataURL(e.target.files[0]);\n\t}\n);\n\nclone.setColor=()=>{\n\tclone.corLit=new RegExp($('#cloneLogoMainView').className,\"ig\");\n\tclone.corTex=new RegExp($('#cloneLogoMainView').className.replace('w3-','w3-text-'),\"ig\");\n\tclone.corBor=new RegExp($('#cloneLogoMainView').className.replace('w3-','w3-border-'),\"ig\");\n\tclone.corHex=new RegExp(clone.cor[$('#cloneLogoMainView').className],\"ig\");\n\tclone.corLitN=cloneBarColor.value;\n\tclone.corTexN=cloneBarColor.value.replace('w3-','w3-text-');\n\tclone.corBorN=cloneBarColor.value.replace('w3-','w3-border-');\n\tclone.corHexN=clone.cor[cloneBarColor.value];\n}\n\n(clone.mainPop=()=>{\n\tlet img=new Image();\n\timg.src='logo.webp';\n\timg.onload=()=>clone.makeCanvasMain(img);\n\tcloneBarColor.value=$('#cloneLogoMainView').className;\n\tclone.setColor();\n})();\n\n\nclone.makeColor=(name,folder)=>{\n\tlet textNew=clone.dec2str(clone.zip[name]).replace(clone.corLit,clone.corLitN).replace(clone.corHex,clone.corHexN).replace(clone.corTex,clone.corTexN).replace(clone.corBor,clone.corBorN);\t\n\tclone.str2zip(name,textNew,folder);\t\n}\n\ncloneBarColor.addEventListener('change',e=>{\n\tclone.setColor();\t\n\tclone.makeColor('index.html','public/');\n\tclone.makeColor('manifest.json','public/');\n\t$('#cloneLogoMainView').classList.remove($('#cloneLogoMainView').className);\n\t$('#cloneLogoMainView').classList.add(cloneBarColor.value);\n})\n\nclone.fecth2zip([\n\t'sw.js',\n\t'manifest.json',\n\t'load.gif',\n\t'webpow.js',\n\t'logo180.png',\n\t'logo256.png',\n\t'logo512.png',\n\t'home.webp',\n\t'index.html',\n\t'logo.webp',\n\t'menu.webp',\n\t'pow.css',\n\t'favicon.ico'\n],'public/');\n",
			"credential": {
				"menu": [
					"c5149be5c859c3eaf324d88f2e2133cb"
				],
				"write": [
					"c5149be5c859c3eaf324d88f2e2133cb"
				],
				"read": [
					"c5149be5c859c3eaf324d88f2e2133cb"
				]
			},
			"module": "none",
			"hash": "clone",
			"dad": "admin"
		},
		"groups": {
			"credential": {
				"menu": [],
				"read": [
					"c5149be5c859c3eaf324d88f2e2133cb"
				],
				"write": [
					"c5149be5c859c3eaf324d88f2e2133cb"
				]
			},
			"name": "Groups",
			"module": "none",
			"hash": "groups",
			"javascript": "group.Group={};\ngroup.Groups={};\ngroup.Bosses=[];\ngroup.Bosses['none']={\"id\":\"none\",\"name\":\"None\",\"label\":\"None\"};\ngroup.Boss={\"id\":\"none\",\"name\":\"None\"};\n\ngroup.filterTime;\n$('#groupFilterName').addEventListener('keyup',event=>{\n\tclearTimeout(group.filterTime);\n\tfilterTime=setTimeout(group.list,400,group.Boss);\n});\n$('#groupFilterBtn').addEventListener('click',()=>flip('#groupFilter'));\n\n$('#groupNewBtn').addEventListener('click',()=>{\n\t$('#groupEditData').reset();\n\t$('#groupEditLabel').innerHTML='New group';\n\tgroup.Group=Object.assign({\t\n\t\t\"id\":key(),\n\t\t\"name\":\"\",\n\t\t\"boss\":group.Boss.id,\n\t\t\"hash\":\"0\"\n\t});\n\tgroup.boss(group.Boss.id);\n\tshow('#groupEdit');\n});\n\ngroup.boss=id=>{\n\t$('#groupEditBoss').innerHTML='';\n\tif(group.Boss.id!='none')$('#groupEditBoss').innerHTML+=`<option value='${group.Bosses[group.Boss.id].id}'>${group.Bosses[group.Boss.id].name}`;\n\t$('#groupEditBoss').innerHTML+=`<option value='${group.Boss.id}' selected>${group.Boss.name}`;\n\tfor(id in group.Groups)if(group.Groups[id].boss==group.Boss.id&&id!=group.Group.hash)$('#groupEditBoss').innerHTML+=`<option value='${id}'>${group.Groups[id].name}`;\n}\n\ngroup.list=boss=>{\n\tgroup.Boss=boss;\n\tlocal=boss.id;\n\tlabel='';\n\twhile(local!=`none`){\n\t\tlabel=group.Bosses[local].label+'/'+label;\n\t\tlocal=group.Bosses[local].id;\n\t}\t\n\t$('#groupBoss').innerHTML='/'+label;\n\t$('#groupList').innerHTML=`<tr id='groupLoad'>\n\t\t<td colspan='3' class='w3-center'><img src='load.gif' alt='loading' width='50'></td>\n\t</tr>`;\n\tlet filter=`boss;==;${boss.id}`;\n\tfilter+=$('#groupFilterName').value!=''?`|hash;>=;${hash($('#groupFilterName').value)}`:'';\n\tread('groups',filter,'hash').then(data=>{\n\t\t$('#groupList').innerHTML='';\n\t\tif(data.length>=0){\n\t\t\tgroup.Groups=Object.assign(data);\n\t\t\tfor(const id in data){\n\t\t\t\tgroup.Bosses[id]={'id':data[id].boss,'name':boss.name,'label':data[id].name};\n\t\t\t\t$('#groupList').insertAdjacentHTML('beforeend',`<tr>\n\t\t\t\t\t<td class='w3-point' id='groupBoss${id}'>${data[id].name}</td>\n\t\t\t\t\t<td class='w3-right'>\n\t\t\t\t\t\t<button class='w3-btn w3-tiny w3-round w3-blue w3-e' id='groupEdit${id}'>\n\t\t\t\t\t\t\t<span class='w3-w'>Edit</span>\n\t\t\t\t\t\t\t<span class='w3-y'>E</span>\n\t\t\t\t\t\t</button>\n\t\t\t\t\t\t<button class='w3-btn w3-tiny w3-round w3-red w3-e' id='groupDelete${id}'>\n\t\t\t\t\t\t\t<span class='w3-w'>Delete</span>\n\t\t\t\t\t\t\t<span class='w3-y'>D</span>\n\t\t\t\t\t\t</button>\n\t\t\t\t\t</td>\n\t\t\t\t</tr>`);\n\t\t\t\t$('#groupBoss'+id).addEventListener('click',()=>group.list({\"id\":id,\"name\":data[id].name}));\n\t\t\t\t$('#groupEdit'+id).addEventListener('click',()=>{\n\t\t\t\t\tgroup.Group=Object.assign({},group.Groups[id]);\n\t\t\t\t\tgroup.boss(id);\t\n\t\t\t\t\t$('#groupEditData').reset();\n\t\t\t\t\t$('#groupEditLabel').innerHTML=group.Group.name;\n\t\t\t\t\t$('#groupEditBoss').value=group.Group.boss;\n\t\t\t\t\t$('#groupEditName').value=group.Group.name;\n\t\t\t\t\tshow('#groupEdit');\n\t\t\t\t});\n\t\t\t\t$('#groupDelete'+id).addEventListener('click',()=>{\n\t\t\t\t\tif(confirm('Do you really want to delete the group?')){\n\t\t\t\t\t\terase('groups/'+id).then(()=>{\n\t\t\t\t\t\t\tgroup.list(group.Boss);\n\t\t\t\t\t\t\tmodal('Success','Group deleted successfully','green');\n\t\t\t\t\t\t});\n\t\t\t\t\t}\n\t\t\t\t});\n\t\t\t}\n\t\t\tif(boss.id!='none'){\n\t\t\t\t$('#groupList').insertAdjacentHTML('afterbegin',\"<tr><td colspan='3' class='w3-point' id='groupAbove'>Above</td></tr>\");\n\t\t\t\t$('#groupAbove').addEventListener('click',()=>group.list(group.Bosses[boss.id]));\n\t\t\t}\n\t\t}else{\n\t\t\t$('#groupList').innerHTML=\"<tr id='groupLoad'><td colspan='3' class='w3-center'>Empty</td></tr>\";\n\t\t}\n\t});\n}\ngroup.list({\"id\":\"none\",\"name\":\"None\"});\n\ngroup.save=data=>{\n\tgroup.Group.name=data.name;\n\tgroup.Group.hash=hash(data.name);\n\tgroup.Group.boss=data.boss;\n\twrite('groups',group.Group,group.Group.id).then(()=>{\n\t\tshow('#groupEditBtn');\n\t\thide('#groupEditLoad');\n\t\thide('#groupEdit');\n\t\tgroup.list(group.Boss);\n\t\tmodal('Success','Data saved successfully','green');\n\t});\n}\n\ngroup.check=data=>{\n\thide('#groupEditBtn');\n\tshow('#groupEditLoad');\n\tif(group.hash=='0'||group.Group.name!=data.name){\n\t\tread(`groups` ,`hash;==;${hash(data.name)}`,'',1).then(snap=>{\n\t\t\tif(snap.length>0){\n\t\t\t\tshow('#groupEditBtn');\n\t\t\t\thide('#groupEditLoad');\n\t\t\t\tmodal('Caution','The chosen name already exists','yellow');\n\t\t\t}else{\n\t\t\t\tgroup.save(data);\n\t\t\t}\n\t\t});\n\t}else{\n\t\tgroup.save(data);\n\t}\n}\n\nform('groupEdit',group.check);",
			"html": "<article class='w3-container' id='group'>\n\t<h3 class='w3-container'>\n\t\tGroups <span class='w3-small' id='groupBoss'></span>\n\t</h3>\n\t<!--List-->\n\t<table class='w3-table-all w3-hoverable w3-card'>\n\t\t<thead>\n\t\t\t<tr>\n\t\t\t\t<th>Name</th>\n\t\t\t\t<th class='w3-right'>\n\t\t\t\t\t<button class='w3-btn w3-deep-orange w3-right w3-tiny w3-round w3-e' id='groupFilterBtn'>\n\t\t\t\t\t\t<span class='w3-w'>Filter</span>\n\t\t\t\t\t\t<span class='w3-y'>F</span>\n\t\t\t\t\t</button>\n\t\t\t\t\t<button class='w3-btn w3-green w3-right w3-tiny w3-round w3-e' id='groupNewBtn'>\n\t\t\t\t\t\t<span class='w3-w'>New</span>\n\t\t\t\t\t\t<span class='w3-y'>N</span>\n\t\t\t\t\t</button>\n\t\t\t\t</th>\n\t\t\t</tr><tr>\n\t\t\t\t<td class='w3-padding-0' colspan='4'>\n\t\t\t\t\t<span class='w3-hide w3-center' id='groupFilter'>\n\t\t\t\t\t\t<input class='w3-input' id='groupFilterName' placeholder='&#9655; Name &#9665;' type='text'>\n\t\t\t\t\t</span>\n\t\t\t\t</td>\n\t\t\t</tr>\n\t\t</thead>\n\t\t<tbody id='groupList'>\n\t\t</tbody>\n\t</table>\n\t\n\t<!--Edit-->\n\t<section class='w3-modal' id='groupEdit'>\n\t\t<div class='w3-modal-content w3-round'>\n\t\t\t<div class='w3-container'>\n\t\t\t\t<button class='w3-btn w3-round w3-red w3-display-topright w3-tiny' id='groupEditClose'>\n\t\t\t\t\t<b>&times;</b>\n\t\t\t\t</button>\n\t\t\t\t<form class='w3-container w3-padding-16' id='groupEditData'>\n\t\t\t\t\t<fieldset class='w3-round w3-border-deep-purple'>\n\t\t\t\t\t\t<legend class='w3-container w3-large w3-text-deep-purple w3-padding' ID='groupEditLabel'>Group</legend>\n\t\t\t\t\t\t<label class='w3-text-blue'>Boss</label>\n\t\t\t\t\t\t<select class='w3-input' id='groupEditBoss' name='groupEditBoss' required></select>\n\t\t\t\t\t\t<label class='w3-text-blue'>Name</label>\n\t\t\t\t\t\t<input class='w3-input' id='groupEditName' name='groupEditName' placeholder='name' type='text' required>\n\t\t\t\t\t\t<p class='w3-center w3-hide w3-show' id='groupEditBtn'>\n\t\t\t\t\t\t\t<button class='w3-btn w3-red w3-round' id='groupEditCancel' type='reset'>Cancel</button>\n\t\t\t\t\t\t\t<button class='w3-btn w3-blue w3-round' id='groupEditSave'>Save</button>\n\t\t\t\t\t\t</p>\n\t\t\t\t\t\t<p class='w3-center w3-hide' id='groupEditLoad'>\n\t\t\t\t\t\t\t<img src='load.gif' width='50'>\n\t\t\t\t\t\t</p>\n\t\t\t\t\t</fieldset>\n\t\t\t\t</form>\n\t\t\t</div>\n\t\t</div>\n\t</section>\n\t\n</article>",
			"dad": "admin"
		},
		"home": {
			"module": "none",
			"javascript": "$(`#homeSign`).innerText=user?`Logoff`:`Login`;\n$(`#joinBtn`).innerText=user?`Perfil`:`Join`;\n$(`#homeSign`).addEventListener(`click`,event=>{\n\tevent.preventDefault();\n\tuser?login.logoff():show(`#login`);\n});",
			"name": "Home",
			"hash": "home",
			"credential": {
				"read": [
					"b554e7a2388d77b2ade747edd2cc504d",
					"c5149be5c859c3eaf324d88f2e2133cb"
				],
				"write": [
					"c5149be5c859c3eaf324d88f2e2133cb"
				],
				"menu": [
					"b554e7a2388d77b2ade747edd2cc504d",
					"c5149be5c859c3eaf324d88f2e2133cb"
				]
			},
			"html": "<article class='w3-margin w3-card w3-center' id='home'>\n\t<figure>\n\t\t<img class='w3-image' src='home.webp' style='max-width:256px!important' alt='WebpoW'>\n\t</figure>\n\t<nav class='w3-bar'>\n\t\t<a class='w3-round w3-margin w3-card w3-btn w3-deep-purple w3-bar-item' id='homeSign'>Login</a>\n\t\t<a class='w3-round w3-margin w3-card w3-btn w3-deep-purple w3-bar-item' id='joinBtn' href='#join'>Join</a>\n\t</nav>\n</article>",
			"dad": "root"
		},
		"join": {
			"credential": {
				"write": [
					"c5149be5c859c3eaf324d88f2e2133cb"
				],
				"menu": [
					"b554e7a2388d77b2ade747edd2cc504d"
				],
				"read": [
					"c5149be5c859c3eaf324d88f2e2133cb",
					"b554e7a2388d77b2ade747edd2cc504d"
				]
			},
			"name": "Join",
			"module": "none",
			"javascript": "join.user={}\n\njoin.change=data=>{\n\tif(join.user.id=='0'){\n\t\tAuth.createUserWithEmailAndPassword(data.email,data.password).then(()=>{\n\t\t\tjoin.user.password=data.password;\n\t\t\tjoin.user.id=Auth.currentUser.uid;\n\t\t\tuser=Auth.currentUser;\n\t\t\tuser.updateProfile({displayName:data.name,photoURL:'common'}).then(()=>{\n\t\t\t\tuser.sendEmailVerification({url:`https://${location.hostname}`}).then(()=>{\n\t\t\t\t\tuser.updateProfile({displayName:common,photoURL:'common'}).then(()=>{\n\t\t\t\t\t\tshow('#joinEditNewPwd');\n\t\t\t\t\t\tjoin.save(data);\n\t\t\t\t\t\tmodal('Success','Your registration was successful.<br><br>Validate your email to activate your access.<br>','green');\n\t\t\t\t\t});\n\t\t\t\t});\n\t\t\t});\n\t\t});\n\t}else{\n\t\tAuth.signInWithEmailAndPassword(join.user.email,join.user.password).then(()=>{\n\t\t\tuser=Auth.currentUser;\n\t\t\tuser.updatePassword(data.newpassword).then(()=>{\n\t\t\t\tif(data.newpassword!='')join.user.password=data.newpassword;\n\t\t\t\tuser.updateEmail(data.email).then(()=>join.save(data));\n\t\t\t});\n\t\t});\n\t\tmodal('Success','Successfully changed data.<br>','green');\n\t}\n};\n\njoin.save=data=>{\n\tjoin.user.edited=new Date();\n\tjoin.user.name=data.name;\n\tjoin.user.hash=hash(data.name);\n\tjoin.user.group=common;\n\tjoin.user.email=data.email;\n\twrite('users',join.user,join.user.id).then(()=>main('join'));\n};\n\njoin.check=data=>{\n\tshow('#joinEditLoad');\n\thide('#joinEditBtn');\n\tif(join.user.id=='0'&&($('#joinEditPassword').value!=$('#joinEditCheck').value)||(join.user.id!='0'&&($('#joinEditNewPassword').value!=$('#joinEditNewCheck').value))){\n\t\tmodal('Caution','Password checks must equal password','yellow');\n\t\tshow('#joinEditBtn');\n\t\thide('#joinEditLoad');\n\t\treturn false;\n\t}\n\tif(join.user.id=='0'||(join.user.id!='0'&&join.user.email!=data.email)){\n\t\tAuth.fetchSignInMethodsForEmail(data.email).then(obj=>{\n\t\t\tif(obj[0]){\n\t\t\t\tmodal('Caution','User already exists','yellow');\n\t\t\t\tshow('#joinEditBtn');\n\t\t\t\thide('#joinEditLoad');\n\t\t\t}else{\n\t\t\t\tjoin.change(data);\n\t\t\t}\n\t\t});\n\t}else{\n\t\tjoin.change(data);\n\t}\n};\n\njoin.start=()=>{\n\tform('joinEdit',join.check);\n\tif(user){\n\t\tread(`users/${user.uid}`).then(data=>{\n\t\t\tjoin.user=Object.assign({},data);\n\t\t\t$('#joinEditName').value=data.name;\n\t\t\t$('#joinName').innerHTML=data.name;\n\t\t\t$('#joinEditEmail').value=data.email;\n\t\t\t$('#joinEmail').innerHTML=data.email;\n\t\t\t$('#joinEditTermsOk').required=false;\n\t\t\t$('#joinEditCheck').required=false;\n\t\t\t$('#joinEditUser').addEventListener('click',()=>show('#joinEdit'));\n\t\t\tshow('#joinEditNewPwd');\n\t\t\thide('#joinEditCheck');\n\t\t\thide('#joinEditTerms');\n\t\t\thide('#joinLoading');\n\t\t});\n\t}else{\n\t\tjoin.user=Object.assign({},{\n\t\t\t\"id\":\"0\",\n\t\t\t\"created\":new Date(),\n\t\t\t\"edited\":new Date(),\n\t\t\t\"deleted\":\"0\",\n\t\t\t\"hash\":\"\",\n\t\t\t\"group\":\"\",\n\t\t\t\"name\":\"\",\n\t\t\t\"email\":\"\",\n\t\t\t\"password\":\"\"\n\t\t});\n\t\tshow('#joinEditCheck');\n\t\thide('#joinProfile');\n\t\t$('#joinEditCheck').required=true;\n\t\t$('#joinEditClose').addEventListener('click',()=>location.hash=`#home`);\n\t\t$('#joinEditCancel').addEventListener('click',()=>location.hash=`#home`);\n\t\t$('#joinEditTermsOk').required=true;\n\t\thide('#joinEditNewPwd');\n\t\tshow('#joinEditTerms');\n\t\tshow('#joinEdit');\n\t\tread('apps/terms').then(data=>{\n\t\t\t$('#joinEditTerm').innerHTML=data.html;\n\t\t\thide('#joinLoading');\n\t\t});\n\t}\n}\n\n$('#joinDeleteUser').addEventListener('click',()=>{\n\tif(confirm('Do you really want to delete your information?')){\t\t\n\t\tjoin.user.deleted=new Date();\n\t\twrite('users',join.user,user.uid).then(()=>{\n\t\t\tAuth.signInWithEmailAndPassword(join.user.email,join.user.password).then(()=>{\n\t\t\t\tAuth.currentUser.delete().then(()=>{\n\t\t\t\t\thide('#joinLoading');\n\t\t\t\t\tjoin.user={};\n\t\t\t\t\tlocation.hash=`#home`;\n\t\t\t\t\tmodal('Success','Data deleted successfully','green');\n\t\t\t\t});\n\t\t\t});\n\t\t});\n\t}\t\n});\n\njoin.start();",
			"html": "<article class='w3-container w3-animate-opacity w3-padding' id='join'>\n\n\t<section class='w3-card' id='joinProfile'>\n\t\t<h3 class='w3-container' id='joinName'>\n\t\t\tJoin\n\t\t</h3>\n\t\t<div class='w3-container'>\n\t\t\t<b class='w3-wide'>E-mail:</b> <span id='joinEmail'>email@mail.com</span>\n\t\t\t<br>\n\t\t\t<p class='w3-center'>\n\t\t\t\t<button class='w3-btn w3-round w3-green' id='joinEditUser'>Edit profile</button>\n\t\t\t\t<button class='w3-btn w3-round w3-red' id='joinDeleteUser'>Delete profile</button>\n\t\t\t</p>\n\t\t</div>\n\t</section>\n\n\t<section class='w3-modal' id='joinEdit'>\n\t\t<div class='w3-modal-content w3-round'>\n\t\t\t<div class='w3-container'>\n\t\t\t\t<button class='w3-btn w3-round w3-red w3-display-topright w3-tiny' id='joinEditClose'>\n\t\t\t\t\t<b>&times;</b>\n\t\t\t\t</button>\n\t\t\t\t<form class='w3-container w3-padding-16' id='joinEditData'>\n\t\t\t\t\t<fieldset class='w3-round w3-border-deep-purple'>\n\t\t\t\t\t\t<legend class='w3-container w3-large w3-text-deep-purple w3-padding'>Join</legend>\n\t\t\t\t\t\t<label class='w3-text-blue'>Name</label>\n\t\t\t\t\t\t<input class='w3-input' autocomplete='name' id='joinEditName' name='joinEditName' placeholder='name' type='text' pattern='(\\S{1,}\\s\\S{1,}[\\s\\S]*)?' required>\n\t\t\t\t\t\t<label class='w3-text-blue'>E-mail</label>\n\t\t\t\t\t\t<input class='w3-input' autocomplete='email' id='joinEditEmail' name='joinEditEmail' placeholder='e-mail' type='email' pattern='[a-z0-9._%+-]+@[a-z0-9.-]+\\.[a-z]{2,4}$' required>\n\t\t\t\t\t\t<label class='w3-text-blue'>Password</label>\n\t\t\t\t\t\t<input class='w3-input' autocomplete='new-password' id='joinEditPassword' name='joinEditPassword' placeholder='Password' minlength='6' type='password' required>\n\t\t\t\t\t\t<input class='w3-input' autocomplete='new-password' id='joinEditCheck' name='joinEditCheck' placeholder='Repeat password' minlength='6' type='password' required>\n\t\t\t\t\t\t<div class='w3-center w3-show' id='joinEditTerms'>\n\t\t\t\t\t\t\t<div class='w3-light-gray' id='joinEditTerm' style='height:50px;overflow-y:scroll;text-align:left!important'></div>\n\t\t\t\t\t\t\t<input type='checkbox' id='joinEditTermsOk' name='joinEditTermsOk' required> I have read and accepted the terms of use.\n\t\t\t\t\t\t</div>\n\t\t\t\t\t\t<div class='w3-hide' id='joinEditNewPwd'>\n\t\t\t\t\t\t\t<label class='w3-text-blue'>New password</label>\t\t\t\t\t\t\n\t\t\t\t\t\t\t<input class='w3-input' autocomplete='new-password' id='joinEditNewPassword' name='joinEditNewPassword' placeholder='New Password' minlength='6' type='password'>\n\t\t\t\t\t\t\t<input class='w3-input' autocomplete='new-password' id='joinEditNewCheck' name='joinEditNewCheck' placeholder='Repeat new password' minlength='6' type='password'>\n\t\t\t\t\t\t</div>\t\t\t\t\t\t\n\t\t\t\t\t\t<p class='w3-center w3-hide w3-show' id='joinEditBtn'>\n\t\t\t\t\t\t\t<button class='w3-btn w3-red w3-round' id='joinEditCancel' type='button'>Cancel</button>\n\t\t\t\t\t\t\t<button class='w3-btn w3-blue w3-round' id='joinEditSave'>Save</button>\n\t\t\t\t\t\t</p>\t\t\t\t\n\t\t\t\t\t\t<p class='w3-center w3-hide' id='joinEditLoad'>\n\t\t\t\t\t\t\t<img src='load.gif' alt='load' width='50'>\n\t\t\t\t\t\t</p>\n\t\t\t\t\t</fieldset>\n\t\t\t\t</form>\n\t\t\t</div>\n\t\t</div>\n\t</section>\n\n\t<section id='joinLoading' class='w3-modal w3-animate-opacity w3-show'>\n\t\t<img class='w3-display-middle' src='load.gif'>\n\t</section>\n\n</article>",
			"dad": "root",
			"hash": "join"
		},
		"login": {
			"html": "<section id='login' class='w3-modal w3-animate-opacity'>\n\t<div class='w3-modal-content w3-round'>\n\t\t<div class='w3-container'>\n\t\t\t<button id='loginClose' class='w3-btn w3-round w3-red w3-display-topright w3-tiny'><b>&times;</b></button>\n\t\t\t<form class='w3-container w3-padding-16' id='loginData'>\n\t\t\t\t<fieldset class='w3-round w3-border-blue'>\n\t\t\t\t\t<legend class='w3-container w3-large w3-text-blue w3-padding'>Login</legend>\n\t\t\t\t\t<label class='w3-text-blue'>E-mail</label>\n\t\t\t\t\t<input id='loginEmail' name='loginEmail' class='w3-input' type='email' placeholder='e-mail' autocomplete='email' required>\n\t\t\t\t\t<label class='w3-text-blue'>Password</label>\n\t\t\t\t\t<input id='loginPassword' name='loginPassword' class='w3-input' type='password' placeholder='Password'  autocomplete='current-password' required>\n\t\t\t\t\t<p class='w3-center w3-hide w3-show' id='loginBtn'>\n\t\t\t\t\t\t<button id='loginCancel' type='button' class='w3-btn w3-red w3-round'>Cancel</button>\n\t\t\t\t\t\t<button id='loginSubmit' class='w3-btn w3-blue w3-round'>Login</button>\n\t\t\t\t\t</p>\n\t\t\t\t\t<p class='w3-center w3-hide' id='loginLoad'>\n\t\t\t\t\t\t<img src='load.gif' alt='Loading' width='50'>\n\t\t\t\t\t</p>\n\t\t\t\t</fieldset>\n\t\t\t</form>\n\t\t</div>\n\t</div>\n</section>",
			"hash": "login",
			"credential": {
				"read": [
					"b554e7a2388d77b2ade747edd2cc504d",
					"c5149be5c859c3eaf324d88f2e2133cb"
				],
				"menu": [
					"c5149be5c859c3eaf324d88f2e2133cb",
					"b554e7a2388d77b2ade747edd2cc504d"
				],
				"write": [
					"c5149be5c859c3eaf324d88f2e2133cb"
				]
			},
			"module": "footer",
			"javascript": "login.logon=data=>{\n\thide(`#loginBtn`);\n\tshow(`#loginLoad`);\n\tAuth.signInWithEmailAndPassword(data.email,data.password).then(data=>{\n\t\tuser=data.user\n\t\t$(`#loginData`).reset();\n\t\tshow(`#loginBtn`);\n\t\thide(`#loginLoad`);\n\t\thide(`#login`);\n\t\tsetTimeout(()=>{window.location=`#home`},50);\n\t\tmodal(`Success`,`Login successfully`,`green`);\n\t}).catch(error=>{\n\t\tshow(`#loginBtn`);\n\t\thide(`#loginLoad`);\n\t\tmodal(`Error`,`Failed to login`,`red`);\n\t})\n}\n\nlogin.logoff=()=>{\n\tAuth.signOut().then(()=>{\n\t\tuser=null;\n\t\tsetTimeout(()=>{window.location=`#home`},50);\n\t\tmodal(`Success`,`Successful logoff`,`green`);\n\t}).catch(error=>{\n\t\tconsole.log(error);\n\t})\n}\n\nform(`login`,login.logon);",
			"name": "Login",
			"dad": "modules"
		},
		"logo": {
			"html": "<figure class='w3-margin-0 w3-padding-0 w3-bar-item'>\n\t<img class='w3-left w3-point' src='logo.webp' alt='P.O.W.' title='P.O.W.' width='159' height='56' id='logo'>\n</figure>",
			"hash": "logo",
			"dad": "modules",
			"name": "Logo",
			"module": "header",
			"javascript": "$(`#logo`).addEventListener(`click`,()=>window.location=`#home`);",
			"credential": {
				"menu": [],
				"read": [
					"c5149be5c859c3eaf324d88f2e2133cb",
					"b554e7a2388d77b2ade747edd2cc504d"
				],
				"write": [
					"c5149be5c859c3eaf324d88f2e2133cb"
				]
			}
		},
		"menu": {
			"html": "<nav class='w3-dropdown-hover w3-right w3-bar-item w3-padding-16 w3-deep-purple' id='menu'>\n\t<img src='menu.webp' alt='menu' width='25' height='25'>\n\t<div class='w3-dropdown-content w3-bar-block w3-card w3-border w3-border-deep-purple w3-animate-opacity' style='right:0px;top:57px'>\n\t\t<span id='menuList'></span>\n\t</div>\n</nav>",
			"javascript": "menu.list=()=>{\n\t$('#menuList').innerHTML='';\n\tread('apps','credential.menu;array-contains;'+(user?(user.displayName?user.displayName:common):common),'hash').then(data=>{\n\t\twindow.d=data;\n\t\tfor(const key in data)$('#menuList').insertAdjacentHTML('beforeend',`<a href='#${data[key].hash}' id='${data[key].hash}Menu' class='w3-bar-item w3-button'>${data[key].name}</a>`);\n\t\t$('#loginMenu').innerText=user?'Logoff':'Login';\n\t\t$('#loginMenu').addEventListener('click',event=>{\n\t\t\tevent.preventDefault();\n\t\t\tuser?login.logoff():show('#login');\n\t\t});\n\t});\n}\nAuth.onAuthStateChanged(()=>menu.list());",
			"dad": "modules",
			"hash": "menu",
			"name": "Menu",
			"credential": {
				"read": [
					"c5149be5c859c3eaf324d88f2e2133cb",
					"b554e7a2388d77b2ade747edd2cc504d"
				],
				"menu": [],
				"write": [
					"c5149be5c859c3eaf324d88f2e2133cb"
				]
			},
			"module": "header"
		},
		"modal": {
			"dad": "modules",
			"name": "Modal",
			"credential": {
				"menu": [],
				"write": [
					"c5149be5c859c3eaf324d88f2e2133cb"
				],
				"read": [
					"c5149be5c859c3eaf324d88f2e2133cb",
					"b554e7a2388d77b2ade747edd2cc504d"
				]
			},
			"hash": "modal",
			"module": "footer",
			"javascript": "$('#modalClose').addEventListener('click',()=>hide('#modalApp'));\nfunction modal(title,message,color){\n\t$('#modalTitle').innerHTML=title;\n\t$('#modalMessage').innerHTML=message;\n\t$('#modalColor').className='w3-container'+color?' w3-'+color:'';\n\tshow('#modalApp');\n}",
			"html": "<section id='modalApp' class='w3-modal w3-animate-opacity'>\n\t<div class='w3-modal-content'>\n\t\t<div id='modalColor' class='w3-panel'>\n\t\t\t<button id='modalClose' class='w3-button w3-round w3-display-topright'>&times;</button>\n\t\t\t<h2 class='w3-container' id='modalTitle'>Title</h2>\n\t\t\t<p class='w3-padding w3-center' id='modalMessage'>Message</p>\n\t\t</div>\n\t</div>\n</section>"
		},
		"modules": {
			"html": "",
			"hash": "modules",
			"module": "none",
			"name": "Modules",
			"credential": {
				"read": [
					"c5149be5c859c3eaf324d88f2e2133cb",
					"b554e7a2388d77b2ade747edd2cc504d"
				],
				"menu": [],
				"write": [
					"c5149be5c859c3eaf324d88f2e2133cb"
				]
			},
			"javascript": "",
			"dad": "root"
		},
		"terms": {
			"name": "Terms",
			"hash": "terms",
			"html": "Website terms of use",
			"dad": "root",
			"credential": {
				"write": [
					"c5149be5c859c3eaf324d88f2e2133cb"
				],
				"menu": [],
				"read": [
					"c5149be5c859c3eaf324d88f2e2133cb",
					"b554e7a2388d77b2ade747edd2cc504d"
				]
			},
			"javascript": "",
			"module": "none"
		},
		"users": {
			"name": "Users",
			"hash": "users",
			"module": "none",
			"javascript": "users.User={};\nusers.Users={};\nusers.Groups={};\n\nusers.filterTime;\n$('#usersFilterName').addEventListener('keyup',event=>{\n\tclearTimeout(users.filterTime);\n\tfilterTime=setTimeout(users.list,400);\n});\n$('#usersBtnFilter').addEventListener('click',()=>flip('#usersFilter'));\n$('#usersFilterGroup').addEventListener('change',()=>users.list());\n\nread('groups',null,'hash').then(data=>{\t\n\tusers.Groups=Object.assign({},data);\n\tgroups='';\n\tfor(const id in users.Groups)groups+=`<option value='${id}'>${users.Groups[id].name}`;\n\t$('#usersEditGroup').innerHTML=`<option value=''>Select a group${groups}`;\n\t$('#usersFilterGroup').innerHTML=`<option value=''>All groups${groups}`;\n\tform('usersEdit',users.check);\n\thide('#usersLoad');\n});\t\n\n$('#usersBtnNew').addEventListener('click',()=>{\n\t$('#usersEditData').reset();\n\t$('#usersEditPassword').required=true;\n\t$('#usersEditCheck').required=true;\n\tusers.User=Object.assign({\n\t\t\"id\":\"0\",\n\t\t\"created\":new Date(),\n\t\t\"edited\":new Date(),\n\t\t\"deleted\":\"0\",\n\t\t\"hash\":\"\",\n\t\t\"group\":\"\",\n\t\t\"name\":\"\",\n\t\t\"email\":\"\",\n\t\t\"password\":\"\"\n\t});\n\tshow('#usersEdit');\n});\n\nusers.list=()=>{\n\tlet filter='deleted;==;0';\n\tfilter+=$('#usersFilterName').value!=''?`|hash;>=;${hash($('#usersFilterName').value)}`:'';\n\tfilter+=$('#usersFilterGroup').value!=''?`|group;==;${$('#usersFilterGroup').value}`:'';\n\tread('users',filter,'hash','20').then(data=>{\n\t\t$('#usersList').innerHTML='';\n\t\tif(data){\n\t\t\tusers.Users=Object.assign(data);\n\t\t\tfor(const id in data){\n\t\t\t\t$('#usersList').insertAdjacentHTML('beforeend',`<tr>\n\t\t\t\t\t<td class='w3-point'>${users.Groups[data[id].group].name}</td>\n\t\t\t\t\t<td class='w3-point'>${data[id].name}</td>\n\t\t\t\t\t<td class='w3-w'>${data[id].email}</td>\n\t\t\t\t\t<td class='w3-right'>\n\t\t\t\t\t\t<button class='w3-btn w3-tiny w3-round w3-blue w3-e' id='usersEdit${id}'>\n\t\t\t\t\t\t\t<span class='w3-w'>Edit</span>\n\t\t\t\t\t\t\t<span class='w3-y'>E</span>\n\t\t\t\t\t\t</button>\n\t\t\t\t\t\t<button class='w3-btn w3-tiny w3-round w3-red w3-e' id='usersDelete${id}'>\n\t\t\t\t\t\t\t<span class='w3-w'>Delete</span>\n\t\t\t\t\t\t\t<span class='w3-y'>D</span>\n\t\t\t\t\t\t</button>\n\t\t\t\t\t</td>\n\t\t\t\t</tr>`);\n\t\t\t\t$(\"#usersEdit\"+id).addEventListener('click',()=>{\n\t\t\t\t\tusers.User=Object.assign({},users.Users[id]);\n\t\t\t\t\t$('#usersEditData').reset();\n\t\t\t\t\t$('#usersEditPassword').required=false;\n\t\t\t\t\t$('#usersEditCheck').required=false;\n\t\t\t\t\t$('#usersEditGroup').value=users.User.group;\n\t\t\t\t\t$('#usersEditName').value=users.User.name;\n\t\t\t\t\t$('#usersEditEmail').value=users.User.email;\n\t\t\t\t\tshow('#usersEdit');\n\t\t\t\t});\n\t\t\t\t$(\"#usersDelete\"+id).addEventListener('click',()=>{\n\t\t\t\t\tif(confirm('Do you really want to delete the user?')){\n\t\t\t\t\t\tshow('#usersLoad');\n\t\t\t\t\t\tusers.Users[id].deleted=new Date();\n\t\t\t\t\t\twrite('users',users.Users[id],id).then(()=>{\n\t\t\t\t\t\t\tread(`users/${user.uid}`).then(adm=>{\n\t\t\t\t\t\t\t\tusers.email=adm.email;\n\t\t\t\t\t\t\t\tusers.password=adm.password;\n\t\t\t\t\t\t\t\tAuth.signInWithEmailAndPassword(users.Users[id].email,users.Users[id].password).then(()=>Auth.currentUser.delete().then(()=>Auth.signInWithEmailAndPassword(users.email,users.password).then(()=>{\n\t\t\t\t\t\t\t\t\tusers.email=null;\n\t\t\t\t\t\t\t\t\tusers.password=null;\n\t\t\t\t\t\t\t\t\tusers.list();\n\t\t\t\t\t\t\t\t\thide('#usersLoad');\n\t\t\t\t\t\t\t\t\tmodal('Success','User deleted successfully','green');\n\t\t\t\t\t\t\t\t})));\n\t\t\t\t\t\t\t});\t\n\t\t\t\t\t\t});\n\t\t\t\t\t}\n\t\t\t\t});\n\t\t\t}\n\t\t}else{\n\t\t\t$('#usersList').innerHTML=\"<tr id='usersLoad'><td colspan='4' class='w3-center'>Empty</td></tr>\";\n\t\t}\n\t});\t\n}\nusers.list();\n\nusers.check=data=>{\n\tshow('#usersEditLoad');\n\thide('#usersEditBtn');\n\tif(users.User.id=='0'&&data.password!=data.check){\n\t\tmodal('Caution','Password checks must equal password','yellow');\n\t\tshow('#usersEditBtn');\n\t\thide('#usersEditLoad');\n\t\treturn false;\n\t}\n\tif(users.User.id=='0'||(users.User.id!='0'&&users.User.email!=data.email)){\n\t\tAuth.fetchSignInMethodsForEmail(data.email).then(obj=>{\n\t\t\tif(obj[0]){\n\t\t\t\tmodal('Caution','User already exists','yellow');\n\t\t\t\tshow('#usersEditBtn');\n\t\t\t\thide('#usersEditLoad');\n\t\t\t}else{\n\t\t\t\tusers.change(data);\n\t\t\t}\n\t\t});\n\t}else{\n\t\tusers.change(data);\n\t}\n}\n\nusers.change=data=>{\n\tread(`users/${user.uid}`).then(adm=>{\n\t\tusers.email=adm.email;\n\t\tusers.password=adm.password;\n\t\tif(users.User.id=='0'){\n\t\t\tAuth.createUserWithEmailAndPassword(data.email,data.password).then(()=>{\n\t\t\t\tusers.User.id=Auth.currentUser.uid;\n\t\t\t\tAuth.currentUser.updateProfile({displayName:users.User.group,photoURL:users.Groups[data.group].hash}).then(()=>Auth.signInWithEmailAndPassword(users.email,users.password).then(()=>users.save(data)));\n\t\t\t});\n\t\t}else{\n\t\t\tAuth.signInWithEmailAndPassword(users.User.email,users.User.password).then(()=>Auth.currentUser.updateProfile({displayName:data.group,photoURL:users.Groups[data.group].hash}).then(()=>Auth.currentUser.updateEmail(data.email).then(()=>Auth.currentUser.updatePassword(data.password==''?users.User.password:data.password).then(()=>Auth.signInWithEmailAndPassword(users.email,users.password).then(()=>users.save(data))))));\n\t\t}\n\t});\n}\n\nusers.save=data=>{\n\tusers.email=null;\n\tusers.password=null;\n\tusers.User.edited=new Date();\n\tusers.User.name=data.name;\n\tusers.User.hash=hash(data.name);\n\tusers.User.group=data.group;\n\tusers.User.email=data.email;\n\tif(data.password!='')users.User.password=data.password;\n\twrite('users',users.User,users.User.id).then(()=>{\n\t\tusers.list();\n\t\tshow('#usersEditBtn');\n\t\thide('#usersEditLoad');\n\t\thide('#usersEdit');\n\t\tmodal('Success','User created','green');\n\t});\n}\n",
			"credential": {
				"write": [
					"c5149be5c859c3eaf324d88f2e2133cb"
				],
				"menu": [],
				"read": [
					"c5149be5c859c3eaf324d88f2e2133cb"
				]
			},
			"dad": "admin",
			"html": "<article class='w3-container' id='users'>\n\t<h3 class='w3-container'>\n\t\tUsers\n\t</h3>\n\t\n\t<!--List-->\n\t<table class='w3-table-all w3-hoverable w3-card'>\n\t\t<thead>\n\t\t\t<tr>\n\t\t\t\t<th class='w3-w'>Group</th>\n\t\t\t\t<th>Name</th>\n\t\t\t\t<th class='w3-w'>E-mail</th>\n\t\t\t\t<th class='w3-right'>\n\t\t\t\t\t<button class='w3-btn w3-deep-orange w3-right w3-tiny w3-round w3-e' id='usersBtnFilter'>\n\t\t\t\t\t\t<span class='w3-w'>Filter</span>\n\t\t\t\t\t\t<span class='w3-y'>F</span>\n\t\t\t\t\t</button>\n\t\t\t\t\t<button class='w3-btn w3-green w3-right w3-tiny w3-round w3-e' id='usersBtnNew'>\n\t\t\t\t\t\t<span class='w3-w'>New</span>\n\t\t\t\t\t\t<span class='w3-y'>N</span>\n\t\t\t\t\t</button>\n\t\t\t\t</th>\n\t\t\t</tr><tr>\n\t\t\t\t<td class='w3-padding-0' colspan='4'>\n\t\t\t\t\t<span class='w3-hide w3-center' id='usersFilter'>\n\t\t\t\t\t\t<select class='w3-input' id='usersFilterGroup'></select>\n\t\t\t\t\t\t<input class='w3-input' id='usersFilterName' placeholder='&#9655; Name &#9665;' type='text'>\n\t\t\t\t\t</span>\n\t\t\t\t</td>\n\t\t\t</tr>\n\t\t</thead>\n\t\t<tbody id='usersList'>\n\t\t</tbody>\n\t</table>\n\t\n\t<!--Edit-->\n\t<section class='w3-modal' id='usersEdit'>\n\t\t<div class='w3-modal-content w3-round'>\n\t\t\t<div class='w3-container'>\n\t\t\t\t<button class='w3-btn w3-round w3-red w3-display-topright w3-tiny' id='usersEditClose'>\n\t\t\t\t\t<b>&times;</b>\n\t\t\t\t</button>\n\t\t\t\t<form class='w3-container w3-padding-16' id='usersEditData'>\n\t\t\t\t\t<fieldset class='w3-round w3-border-deep-purple'>\n\t\t\t\t\t\t<legend class='w3-container w3-large w3-text-deep-purple w3-padding'>User</legend>\n\t\t\t\t\t\t<label class='w3-text-blue'>Group</label>\n\t\t\t\t\t\t<select class='w3-input' id='usersEditGroup' name='usersEditGroup' required></select>\n\t\t\t\t\t\t<label class='w3-text-blue'>Name</label>\n\t\t\t\t\t\t<input class='w3-input' autocomplete='name' id='usersEditName' name='usersEditName' placeholder='name' type='text' required>\n\t\t\t\t\t\t<label class='w3-text-blue'>E-mail</label>\n\t\t\t\t\t\t<input class='w3-input' autocomplete='email' id='usersEditEmail' name='usersEditEmail' placeholder='e-mail' type='email' pattern='[a-z0-9._%+-]+@[a-z0-9.-]+\\.[a-z]{2,4}$' required>\n\t\t\t\t\t\t<label class='w3-text-blue'>Password</label>\n\t\t\t\t\t\t<input class='w3-input' autocomplete='new-password' id='usersEditPassword' name='usersEditPassword' placeholder='Password' minlength='6' type='password'>\n\t\t\t\t\t\t<input class='w3-input' autocomplete='new-password' id='usersEditCheck' name='usersEditCheck' placeholder='Repeat password' minlength='6' type='password'>\n\t\t\t\t\t\t<p class='w3-center w3-hide w3-show' id='usersEditBtn'>\n\t\t\t\t\t\t\t<button class='w3-btn w3-red w3-round' id='usersEditCancel' type='button'>Cancel</button>\n\t\t\t\t\t\t\t<button class='w3-btn w3-blue w3-round' id='usersEditSave'>Save</button>\n\t\t\t\t\t\t</p>\n\t\t\t\t\t\t<p class='w3-center w3-hide' id='usersEditLoad'>\n\t\t\t\t\t\t\t<img src='load.gif' alt='load' width='50'>\n\t\t\t\t\t\t</p>\n\t\t\t\t\t</fieldset>\n\t\t\t\t</form>\n\t\t\t</div>\n\t\t</div>\n\t</section>\t\n\t\n\t<section id='usersLoad' class='w3-modal w3-animate-opacity w3-show'>\n\t\t<img class='w3-display-middle' src='load.gif'>\n\t</section>\n\t\n</article>"
		}
	},
	"groups": {
		"super-user": {
			"hash": "super-user",
			"name": "Super user",
			"boss": "none",
			"id": "c5149be5c859c3eaf324d88f2e2133cb"
		},
		"common": {
			"id": "b554e7a2388d77b2ade747edd2cc504d",
			"name": "Common",
			"hash": "common",
			"boss": "none"
		}
	},
	"users": {
		"id": "z0sO5OfLVkXC8sRSMYNFAXouvPc2",
		"created": "2021-12-01T13:43:54.404Z",
		"edited": "2021-12-01T13:43:54.404Z",
		"deleted": "0",
		"hash": "super-user",
		"group": "c5149be5c859c3eaf324d88f2e2133cb",
		"name": "Super User",
		"email": "admin@web.pow",
		"password": "webpow"
	}
}